{
    "method": "AdaBoostClassifier",
    "dataset": "CK",
    "subDataset": "ivy2",
    "result": [
        {
            "train samples": "35",
            "defective train samples": "4",
            "precision": 0.17142857142857143,
            "recall": 0.16666666666666666,
            "pf": 0.10320284697508897,
            "F-measure": 0.16901408450704225,
            "accuracy": 0.8138801261829653,
            "AUC": 0.5317319098457889
        },
        {
            "train samples": "70",
            "defective train samples": "8",
            "precision": 0.34782608695652173,
            "recall": 0.25,
            "pf": 0.06,
            "F-measure": 0.2909090909090909,
            "accuracy": 0.8617021276595744,
            "AUC": 0.5949999999999999
        },
        {
            "train samples": "105",
            "defective train samples": "12",
            "precision": 0.3125,
            "recall": 0.35714285714285715,
            "pf": 0.1004566210045662,
            "F-measure": 0.3333333333333333,
            "accuracy": 0.8380566801619433,
            "AUC": 0.6283431180691454
        }
    ]
}