{
    "method": "AdaBoostClassifier",
    "dataset": "CK",
    "subDataset": "synapse1",
    "result": [
        {
            "train samples": "25",
            "defective train samples": "8",
            "precision": 0.5869565217391305,
            "recall": 0.34615384615384615,
            "pf": 0.12418300653594772,
            "F-measure": 0.43548387096774194,
            "accuracy": 0.696969696969697,
            "AUC": 0.6109854198089493
        },
        {
            "train samples": "51",
            "defective train samples": "17",
            "precision": 0.5492957746478874,
            "recall": 0.5652173913043478,
            "pf": 0.23529411764705882,
            "F-measure": 0.5571428571428572,
            "accuracy": 0.697560975609756,
            "AUC": 0.6649616368286444
        },
        {
            "train samples": "76",
            "defective train samples": "25",
            "precision": 0.5223880597014925,
            "recall": 0.5737704918032787,
            "pf": 0.2689075630252101,
            "F-measure": 0.5468749999999999,
            "accuracy": 0.6777777777777778,
            "AUC": 0.6524314643890343
        }
    ]
}