{
    "method": "ISDA",
    "dataset": "CK",
    "subDataset": "synapse1",
    "result": [
        {
            "train samples": "25",
            "defective train samples": "8",
            "precision": 0.5111111111111111,
            "recall": 0.5897435897435898,
            "pf": 0.2875816993464052,
            "F-measure": 0.5476190476190476,
            "accuracy": 0.670995670995671,
            "AUC": 0.6510809451985923
        },
        {
            "train samples": "51",
            "defective train samples": "17",
            "precision": 0.46835443037974683,
            "recall": 0.5362318840579711,
            "pf": 0.3088235294117647,
            "F-measure": 0.5,
            "accuracy": 0.6390243902439025,
            "AUC": 0.6137041773231032
        },
        {
            "train samples": "76",
            "defective train samples": "25",
            "precision": 0.5,
            "recall": 0.5901639344262295,
            "pf": 0.3025210084033613,
            "F-measure": 0.5413533834586466,
            "accuracy": 0.6611111111111111,
            "AUC": 0.6438214630114341
        }
    ]
}