{
    "method": "BaggingClassifierPU",
    "dataset": "NASA",
    "subDataset": "kc3",
    "result": [
        {
            "train samples": "18",
            "defective train samples": "3",
            "precision": 0.29545454545454547,
            "recall": 0.3939393939393939,
            "pf": 0.21678321678321677,
            "F-measure": 0.3376623376623376,
            "accuracy": 0.7102272727272727,
            "AUC": 0.5885780885780887
        },
        {
            "train samples": "38",
            "defective train samples": "7",
            "precision": 0.296875,
            "recall": 0.6551724137931034,
            "pf": 0.3543307086614173,
            "F-measure": 0.4086021505376344,
            "accuracy": 0.6474358974358975,
            "AUC": 0.650420852565843
        },
        {
            "train samples": "57",
            "defective train samples": "10",
            "precision": 0.2702702702702703,
            "recall": 0.7692307692307693,
            "pf": 0.4864864864864865,
            "F-measure": 0.4,
            "accuracy": 0.5620437956204379,
            "AUC": 0.6413721413721414
        }
    ]
}