{
    "method": "BaggingClassifierPU",
    "dataset": "NASA",
    "subDataset": "mc2",
    "result": [
        {
            "train samples": "12",
            "defective train samples": "4",
            "precision": 0.4489795918367347,
            "recall": 0.55,
            "pf": 0.3698630136986301,
            "F-measure": 0.4943820224719101,
            "accuracy": 0.6017699115044248,
            "AUC": 0.590068493150685
        },
        {
            "train samples": "24",
            "defective train samples": "8",
            "precision": 0.3888888888888889,
            "recall": 0.7777777777777778,
            "pf": 0.676923076923077,
            "F-measure": 0.5185185185185185,
            "accuracy": 0.48514851485148514,
            "AUC": 0.5504273504273504
        },
        {
            "train samples": "37",
            "defective train samples": "13",
            "precision": 0.5333333333333333,
            "recall": 0.7741935483870968,
            "pf": 0.3684210526315789,
            "F-measure": 0.631578947368421,
            "accuracy": 0.6818181818181818,
            "AUC": 0.7028862478777589
        }
    ]
}