{
    "method": "BaggingClassifierPU",
    "dataset": "NASA",
    "subDataset": "pc1",
    "result": [
        {
            "train samples": "70",
            "defective train samples": "6",
            "precision": 0.15753424657534246,
            "recall": 0.8363636363636363,
            "pf": 0.4241379310344828,
            "F-measure": 0.26512968299711814,
            "accuracy": 0.5984251968503937,
            "AUC": 0.7061128526645768
        },
        {
            "train samples": "140",
            "defective train samples": "12",
            "precision": 0.23163841807909605,
            "recall": 0.8367346938775511,
            "pf": 0.26356589147286824,
            "F-measure": 0.36283185840707965,
            "accuracy": 0.7451327433628319,
            "AUC": 0.7865844012023414
        },
        {
            "train samples": "211",
            "defective train samples": "18",
            "precision": 0.2236842105263158,
            "recall": 0.7906976744186046,
            "pf": 0.2616407982261641,
            "F-measure": 0.3487179487179487,
            "accuracy": 0.742914979757085,
            "AUC": 0.7645284380962203
        }
    ]
}