{
    "method": "BaggingClassifierPU",
    "dataset": "NASA",
    "subDataset": "pc5",
    "result": [
        {
            "train samples": "171",
            "defective train samples": "47",
            "precision": 0.41818181818181815,
            "recall": 0.7051886792452831,
            "pf": 0.3727598566308244,
            "F-measure": 0.5250219490781387,
            "accuracy": 0.6487012987012987,
            "AUC": 0.6662144113072294
        },
        {
            "train samples": "342",
            "defective train samples": "94",
            "precision": 0.4199395770392749,
            "recall": 0.7374005305039788,
            "pf": 0.3870967741935484,
            "F-measure": 0.5351299326275265,
            "accuracy": 0.6471877282688093,
            "AUC": 0.6751518781552152
        },
        {
            "train samples": "513",
            "defective train samples": "141",
            "precision": 0.4056291390728477,
            "recall": 0.7424242424242424,
            "pf": 0.41359447004608296,
            "F-measure": 0.524625267665953,
            "accuracy": 0.6293823038397329,
            "AUC": 0.6644148861890797
        }
    ]
}