{
    "method": "JSFS",
    "dataset": "NASA",
    "subDataset": "cm1",
    "result": [
        {
            "precision": 0.39361702127659576,
            "recall": 1.0,
            "pf": 0.22093023255813954,
            "F-measure": 0.5648854961832062,
            "accuracy": 0.8067796610169492,
            "AUC": 0.8895348837209303,
            "percent": "10%"
        },
        {
            "precision": 0.7,
            "recall": 0.875,
            "pf": 0.05217391304347826,
            "F-measure": 0.7777777777777777,
            "accuracy": 0.9389312977099237,
            "AUC": 0.9114130434782609,
            "percent": "20%"
        },
        {
            "precision": 0.4125,
            "recall": 0.9705882352941176,
            "pf": 0.23979591836734693,
            "F-measure": 0.5789473684210525,
            "accuracy": 0.7913043478260869,
            "AUC": 0.8653961584633854,
            "percent": "30%"
        }
    ]
}