{
    "method": "JSFS",
    "dataset": "NASA",
    "subDataset": "kc3",
    "result": [
        {
            "precision": 1.0,
            "recall": 0.29411764705882354,
            "pf": 0.0,
            "F-measure": 0.45454545454545453,
            "accuracy": 0.9318181818181818,
            "AUC": 0.6470588235294118,
            "percent": "10%"
        },
        {
            "precision": 0.4146341463414634,
            "recall": 0.9444444444444444,
            "pf": 0.17391304347826086,
            "F-measure": 0.576271186440678,
            "accuracy": 0.8397435897435898,
            "AUC": 0.8852657004830918,
            "percent": "20%"
        },
        {
            "precision": 0.631578947368421,
            "recall": 1.0,
            "pf": 0.056,
            "F-measure": 0.7741935483870968,
            "accuracy": 0.948905109489051,
            "AUC": 0.972,
            "percent": "30%"
        }
    ]
}