{
    "method": "JSFS",
    "dataset": "NASA",
    "subDataset": "mc2",
    "result": [
        {
            "precision": 0.6428571428571429,
            "recall": 0.45,
            "pf": 0.053763440860215055,
            "F-measure": 0.5294117647058824,
            "accuracy": 0.8584070796460177,
            "AUC": 0.6981182795698925,
            "percent": "10%"
        },
        {
            "precision": 0.3783783783783784,
            "recall": 0.7368421052631579,
            "pf": 0.2804878048780488,
            "F-measure": 0.5,
            "accuracy": 0.7227722772277227,
            "AUC": 0.7281771501925546,
            "percent": "20%"
        },
        {
            "precision": 0.29545454545454547,
            "recall": 0.9285714285714286,
            "pf": 0.4189189189189189,
            "F-measure": 0.4482758620689656,
            "accuracy": 0.6363636363636364,
            "AUC": 0.7548262548262549,
            "percent": "30%"
        }
    ]
}