{
    "method": "JSFS",
    "dataset": "NASA",
    "subDataset": "mw1",
    "result": [
        {
            "precision": 0.45121951219512196,
            "recall": 1.0,
            "pf": 0.234375,
            "F-measure": 0.6218487394957983,
            "accuracy": 0.8034934497816594,
            "AUC": 0.8828125,
            "percent": "10%"
        },
        {
            "precision": 0.5,
            "recall": 1.0,
            "pf": 0.20833333333333334,
            "F-measure": 0.6666666666666666,
            "accuracy": 0.8275862068965517,
            "AUC": 0.8958333333333333,
            "percent": "20%"
        },
        {
            "precision": 0.43333333333333335,
            "recall": 1.0,
            "pf": 0.2236842105263158,
            "F-measure": 0.6046511627906976,
            "accuracy": 0.8089887640449438,
            "AUC": 0.888157894736842,
            "percent": "30%"
        }
    ]
}