{
    "method": "JSFS",
    "dataset": "NASA",
    "subDataset": "pc1",
    "result": [
        {
            "precision": 0.2018348623853211,
            "recall": 1.0,
            "pf": 0.29441624365482233,
            "F-measure": 0.33587786259541985,
            "accuracy": 0.7259842519685039,
            "AUC": 0.8527918781725888,
            "percent": "10%"
        },
        {
            "precision": 0.43529411764705883,
            "recall": 1.0,
            "pf": 0.09090909090909091,
            "F-measure": 0.6065573770491803,
            "accuracy": 0.9150442477876106,
            "AUC": 0.9545454545454545,
            "percent": "20%"
        },
        {
            "precision": 0.696969696969697,
            "recall": 0.7931034482758621,
            "pf": 0.021505376344086023,
            "F-measure": 0.7419354838709677,
            "accuracy": 0.9676113360323887,
            "AUC": 0.885799035965888,
            "percent": "30%"
        }
    ]
}