{
    "method": "JSFS",
    "dataset": "NASA",
    "subDataset": "pc3",
    "result": [
        {
            "precision": 0.7121212121212122,
            "recall": 0.8703703703703703,
            "pf": 0.02074235807860262,
            "F-measure": 0.7833333333333333,
            "accuracy": 0.9731958762886598,
            "AUC": 0.9248140061458838,
            "percent": "10%"
        },
        {
            "precision": 0.3472222222222222,
            "recall": 0.9615384615384616,
            "pf": 0.1159062885326757,
            "F-measure": 0.5102040816326531,
            "accuracy": 0.8887601390498262,
            "AUC": 0.9228160865028929,
            "percent": "20%"
        },
        {
            "precision": 0.8222222222222222,
            "recall": 0.7872340425531915,
            "pf": 0.011299435028248588,
            "F-measure": 0.8043478260869565,
            "accuracy": 0.976158940397351,
            "AUC": 0.8879673037624715,
            "percent": "30%"
        }
    ]
}