{
    "method": "JSFS",
    "dataset": "NASA",
    "subDataset": "pc4",
    "result": [
        {
            "precision": 0.6,
            "recall": 0.6521739130434783,
            "pf": 0.008802816901408451,
            "F-measure": 0.6250000000000001,
            "accuracy": 0.9844693701466781,
            "AUC": 0.8216855480710349,
            "percent": "10%"
        },
        {
            "precision": 0.23529411764705882,
            "recall": 0.8421052631578947,
            "pf": 0.051434223541048464,
            "F-measure": 0.367816091954023,
            "accuracy": 0.9466019417475728,
            "AUC": 0.8953355198084232,
            "percent": "20%"
        },
        {
            "precision": 0.3793103448275862,
            "recall": 0.7333333333333333,
            "pf": 0.020316027088036117,
            "F-measure": 0.5,
            "accuracy": 0.9755826859045506,
            "AUC": 0.8565086531226487,
            "percent": "30%"
        }
    ]
}