{
    "method": "JSFS",
    "dataset": "NASA",
    "subDataset": "pc5",
    "result": [
        {
            "precision": 1.0,
            "recall": 0.6469807564698076,
            "pf": 0.0,
            "F-measure": 0.7856567284448026,
            "accuracy": 0.6545454545454545,
            "AUC": 0.8234903782349038,
            "percent": "10%"
        },
        {
            "precision": 0.9967248908296943,
            "recall": 0.6828721017202692,
            "pf": 0.09375,
            "F-measure": 0.8104749223257878,
            "accuracy": 0.6880934989043097,
            "AUC": 0.7945610508601346,
            "percent": "20%"
        },
        {
            "precision": 1.0,
            "recall": 0.6315338474721508,
            "pf": 0.0,
            "F-measure": 0.7741596638655462,
            "accuracy": 0.6410684474123539,
            "AUC": 0.8157669237360754,
            "percent": "30%"
        }
    ]
}