{
    "method": "BaggingClassifierPU",
    "dataset": "CK",
    "subDataset": "ant1",
    "result": [
        {
            "train samples": "34",
            "defective train samples": "9",
            "precision": 0.5176470588235295,
            "recall": 0.5301204819277109,
            "pf": 0.1752136752136752,
            "F-measure": 0.523809523809524,
            "accuracy": 0.7476340694006309,
            "AUC": 0.6774534033570178
        },
        {
            "train samples": "69",
            "defective train samples": "18",
            "precision": 0.5,
            "recall": 0.7837837837837838,
            "pf": 0.27884615384615385,
            "F-measure": 0.6105263157894737,
            "accuracy": 0.7375886524822695,
            "AUC": 0.7524688149688149
        },
        {
            "train samples": "104",
            "defective train samples": "27",
            "precision": 0.46153846153846156,
            "recall": 0.8307692307692308,
            "pf": 0.34615384615384615,
            "F-measure": 0.5934065934065935,
            "accuracy": 0.7004048582995951,
            "AUC": 0.7423076923076923
        }
    ]
}