{
    "method": "BaggingClassifierPU",
    "dataset": "CK",
    "subDataset": "ivy2",
    "result": [
        {
            "train samples": "35",
            "defective train samples": "4",
            "precision": 0.2638888888888889,
            "recall": 0.5277777777777778,
            "pf": 0.18861209964412812,
            "F-measure": 0.35185185185185186,
            "accuracy": 0.7791798107255521,
            "AUC": 0.6695828390668248
        },
        {
            "train samples": "70",
            "defective train samples": "8",
            "precision": 0.23958333333333334,
            "recall": 0.71875,
            "pf": 0.292,
            "F-measure": 0.359375,
            "accuracy": 0.7092198581560284,
            "AUC": 0.713375
        },
        {
            "train samples": "105",
            "defective train samples": "12",
            "precision": 0.3064516129032258,
            "recall": 0.6785714285714286,
            "pf": 0.1963470319634703,
            "F-measure": 0.4222222222222222,
            "accuracy": 0.7894736842105263,
            "AUC": 0.7411121983039791
        }
    ]
}