{
    "method": "BaggingClassifierPU",
    "dataset": "CK",
    "subDataset": "jedit4",
    "result": [
        {
            "train samples": "30",
            "defective train samples": "7",
            "precision": 0.3333333333333333,
            "recall": 0.8529411764705882,
            "pf": 0.5576923076923077,
            "F-measure": 0.47933884297520657,
            "accuracy": 0.5434782608695652,
            "AUC": 0.6476244343891402
        },
        {
            "train samples": "61",
            "defective train samples": "15",
            "precision": 0.3609022556390977,
            "recall": 0.8,
            "pf": 0.4594594594594595,
            "F-measure": 0.4974093264248705,
            "accuracy": 0.6040816326530613,
            "AUC": 0.6702702702702703
        },
        {
            "train samples": "91",
            "defective train samples": "22",
            "precision": 0.3855421686746988,
            "recall": 0.6037735849056604,
            "pf": 0.3148148148148148,
            "F-measure": 0.47058823529411764,
            "accuracy": 0.6651162790697674,
            "AUC": 0.6444793850454227
        }
    ]
}