{
    "method": "BaggingClassifierPU",
    "dataset": "CK",
    "subDataset": "synapse1",
    "result": [
        {
            "train samples": "25",
            "defective train samples": "8",
            "precision": 0.4888888888888889,
            "recall": 0.5641025641025641,
            "pf": 0.3006535947712418,
            "F-measure": 0.5238095238095238,
            "accuracy": 0.6536796536796536,
            "AUC": 0.6317244846656611
        },
        {
            "train samples": "51",
            "defective train samples": "17",
            "precision": 0.46236559139784944,
            "recall": 0.6231884057971014,
            "pf": 0.36764705882352944,
            "F-measure": 0.5308641975308641,
            "accuracy": 0.6292682926829268,
            "AUC": 0.6277706734867861
        },
        {
            "train samples": "76",
            "defective train samples": "25",
            "precision": 0.52,
            "recall": 0.8524590163934426,
            "pf": 0.40336134453781514,
            "F-measure": 0.6459627329192545,
            "accuracy": 0.6833333333333333,
            "AUC": 0.7245488359278137
        }
    ]
}