{
    "method": "BaggingClassifierPU",
    "dataset": "CK",
    "subDataset": "xalan2",
    "result": [
        {
            "train samples": "79",
            "defective train samples": "38",
            "precision": 0.556237218813906,
            "recall": 0.7793696275071633,
            "pf": 0.5786666666666667,
            "F-measure": 0.649164677804296,
            "accuracy": 0.5939226519337016,
            "AUC": 0.6003514804202483
        },
        {
            "train samples": "160",
            "defective train samples": "77",
            "precision": 0.5945945945945946,
            "recall": 0.7096774193548387,
            "pf": 0.45045045045045046,
            "F-measure": 0.6470588235294118,
            "accuracy": 0.6267496111975117,
            "AUC": 0.6296134844521941
        },
        {
            "train samples": "240",
            "defective train samples": "116",
            "precision": 0.5972222222222222,
            "recall": 0.7933579335793358,
            "pf": 0.4965753424657534,
            "F-measure": 0.6814580031695721,
            "accuracy": 0.6429840142095915,
            "AUC": 0.6483912955567912
        }
    ]
}