{
    "method": "JSFS",
    "dataset": "CK",
    "subDataset": "ant1",
    "result": [
        {
            "precision": 0.5614035087719298,
            "recall": 0.3855421686746988,
            "pf": 0.10683760683760683,
            "F-measure": 0.45714285714285713,
            "accuracy": 0.7602523659305994,
            "AUC": 0.639352280918546,
            "percent": "10%"
        },
        {
            "precision": 0.5740740740740741,
            "recall": 0.4189189189189189,
            "pf": 0.11057692307692307,
            "F-measure": 0.48437499999999994,
            "accuracy": 0.7659574468085106,
            "AUC": 0.6541709979209979,
            "percent": "20%"
        },
        {
            "precision": 0.5445544554455446,
            "recall": 0.8461538461538461,
            "pf": 0.25274725274725274,
            "F-measure": 0.6626506024096385,
            "accuracy": 0.7732793522267206,
            "AUC": 0.7967032967032968,
            "percent": "30%"
        }
    ]
}