{
    "method": "JSFS",
    "dataset": "CK",
    "subDataset": "ivy2",
    "result": [
        {
            "precision": 0.7142857142857143,
            "recall": 0.1388888888888889,
            "pf": 0.0071174377224199285,
            "F-measure": 0.23255813953488372,
            "accuracy": 0.8958990536277602,
            "AUC": 0.5658857255832345,
            "percent": "10%"
        },
        {
            "precision": 0.24615384615384617,
            "recall": 0.5,
            "pf": 0.196,
            "F-measure": 0.32989690721649484,
            "accuracy": 0.7695035460992907,
            "AUC": 0.652,
            "percent": "20%"
        },
        {
            "precision": 0.2125,
            "recall": 0.6071428571428571,
            "pf": 0.2876712328767123,
            "F-measure": 0.31481481481481477,
            "accuracy": 0.7004048582995951,
            "AUC": 0.6597358121330723,
            "percent": "30%"
        }
    ]
}