{
    "method": "JSFS",
    "dataset": "CK",
    "subDataset": "jedit4",
    "result": [
        {
            "precision": 0.72,
            "recall": 0.2647058823529412,
            "pf": 0.03365384615384615,
            "F-measure": 0.38709677419354843,
            "accuracy": 0.7934782608695652,
            "AUC": 0.6155260180995475,
            "percent": "10%"
        },
        {
            "precision": 0.43478260869565216,
            "recall": 0.6666666666666666,
            "pf": 0.2810810810810811,
            "F-measure": 0.5263157894736841,
            "accuracy": 0.7061224489795919,
            "AUC": 0.6927927927927928,
            "percent": "20%"
        },
        {
            "precision": 0.36363636363636365,
            "recall": 0.7547169811320755,
            "pf": 0.43209876543209874,
            "F-measure": 0.49079754601227,
            "accuracy": 0.6139534883720931,
            "AUC": 0.6613091078499884,
            "percent": "30%"
        }
    ]
}