{
    "method": "JSFS",
    "dataset": "CK",
    "subDataset": "lucene2",
    "result": [
        {
            "precision": 0.7936507936507936,
            "recall": 0.546448087431694,
            "pf": 0.20967741935483872,
            "F-measure": 0.6472491909385114,
            "accuracy": 0.6449511400651465,
            "AUC": 0.6683853340384277,
            "percent": "10%"
        },
        {
            "precision": 0.7162162162162162,
            "recall": 0.6503067484662577,
            "pf": 0.38181818181818183,
            "F-measure": 0.6816720257234726,
            "accuracy": 0.6373626373626373,
            "AUC": 0.6342442833240378,
            "percent": "20%"
        },
        {
            "precision": 0.6985294117647058,
            "recall": 0.6643356643356644,
            "pf": 0.4270833333333333,
            "F-measure": 0.6810035842293907,
            "accuracy": 0.6276150627615062,
            "AUC": 0.6186261655011656,
            "percent": "30%"
        }
    ]
}