{
    "method": "JSFS",
    "dataset": "CK",
    "subDataset": "synapse1",
    "result": [
        {
            "precision": 0.47101449275362317,
            "recall": 0.8333333333333334,
            "pf": 0.477124183006536,
            "F-measure": 0.6018518518518519,
            "accuracy": 0.6277056277056277,
            "AUC": 0.6781045751633986,
            "percent": "10%"
        },
        {
            "precision": 0.44881889763779526,
            "recall": 0.8260869565217391,
            "pf": 0.5147058823529411,
            "F-measure": 0.5816326530612245,
            "accuracy": 0.6,
            "AUC": 0.6556905370843991,
            "percent": "20%"
        },
        {
            "precision": 0.4435483870967742,
            "recall": 0.9016393442622951,
            "pf": 0.5798319327731093,
            "F-measure": 0.5945945945945946,
            "accuracy": 0.5833333333333334,
            "AUC": 0.6609037057445928,
            "percent": "30%"
        }
    ]
}