{
    "method": "JSFS",
    "dataset": "CK",
    "subDataset": "velocity1",
    "result": [
        {
            "precision": 0.813953488372093,
            "recall": 0.5833333333333334,
            "pf": 0.24242424242424243,
            "F-measure": 0.6796116504854369,
            "accuracy": 0.6451612903225806,
            "AUC": 0.6704545454545455,
            "percent": "10%"
        },
        {
            "precision": 0.8636363636363636,
            "recall": 0.38,
            "pf": 0.09090909090909091,
            "F-measure": 0.5277777777777778,
            "accuracy": 0.5903614457831325,
            "AUC": 0.6445454545454545,
            "percent": "20%"
        },
        {
            "precision": 0.6296296296296297,
            "recall": 0.3695652173913043,
            "pf": 0.37037037037037035,
            "F-measure": 0.4657534246575342,
            "accuracy": 0.4657534246575342,
            "AUC": 0.499597423510467,
            "percent": "30%"
        }
    ]
}