{
    "method": "JSFS",
    "dataset": "CK",
    "subDataset": "xalan2",
    "result": [
        {
            "precision": 0.5692307692307692,
            "recall": 0.31805157593123207,
            "pf": 0.224,
            "F-measure": 0.40808823529411764,
            "accuracy": 0.5552486187845304,
            "AUC": 0.5470257879656161,
            "percent": "10%"
        },
        {
            "precision": 0.5118733509234829,
            "recall": 0.6258064516129033,
            "pf": 0.5555555555555556,
            "F-measure": 0.5631349782293179,
            "accuracy": 0.5318818040435459,
            "AUC": 0.5351254480286739,
            "percent": "20%"
        },
        {
            "precision": 0.5326797385620915,
            "recall": 0.6014760147601476,
            "pf": 0.4897260273972603,
            "F-measure": 0.5649913344887348,
            "accuracy": 0.5541740674955595,
            "AUC": 0.5558749936814437,
            "percent": "30%"
        }
    ]
}