{
    "method": "CBLOF",
    "dataset": "CK",
    "subDataset": "ivy2",
    "result": [
        {
            "train samples": "35",
            "defective train samples": "4",
            "precision": 0.3283582089552239,
            "recall": 0.6111111111111112,
            "pf": 0.1601423487544484,
            "F-measure": 0.4271844660194175,
            "accuracy": 0.8138801261829653,
            "AUC": 0.7254843811783314
        },
        {
            "train samples": "70",
            "defective train samples": "8",
            "precision": 0.3076923076923077,
            "recall": 0.375,
            "pf": 0.108,
            "F-measure": 0.3380281690140845,
            "accuracy": 0.8333333333333334,
            "AUC": 0.6335
        },
        {
            "train samples": "105",
            "defective train samples": "12",
            "precision": 0.35135135135135137,
            "recall": 0.4642857142857143,
            "pf": 0.1095890410958904,
            "F-measure": 0.39999999999999997,
            "accuracy": 0.8421052631578947,
            "AUC": 0.677348336594912
        }
    ]
}