{
    "method": "XGBOD",
    "dataset": "NASA",
    "subDataset": "cm1",
    "result": [
        {
            "train samples": "32",
            "defective train samples": "4",
            "precision": 0.29411764705882354,
            "recall": 0.13157894736842105,
            "pf": 0.04669260700389105,
            "F-measure": 0.1818181818181818,
            "accuracy": 0.847457627118644,
            "AUC": 0.542443170182265
        },
        {
            "train samples": "65",
            "defective train samples": "8",
            "precision": 0.38461538461538464,
            "recall": 0.14705882352941177,
            "pf": 0.03508771929824561,
            "F-measure": 0.21276595744680854,
            "accuracy": 0.8587786259541985,
            "AUC": 0.555985552115583
        },
        {
            "train samples": "97",
            "defective train samples": "12",
            "precision": 0.1,
            "recall": 0.03333333333333333,
            "pf": 0.045,
            "F-measure": 0.05,
            "accuracy": 0.8347826086956521,
            "AUC": 0.49416666666666664
        }
    ]
}