{
    "method": "XGBOD",
    "dataset": "NASA",
    "subDataset": "mc2",
    "result": [
        {
            "train samples": "12",
            "defective train samples": "4",
            "precision": 0.47619047619047616,
            "recall": 0.25,
            "pf": 0.1506849315068493,
            "F-measure": 0.32786885245901637,
            "accuracy": 0.6371681415929203,
            "AUC": 0.5496575342465754
        },
        {
            "train samples": "24",
            "defective train samples": "8",
            "precision": 0.5294117647058824,
            "recall": 0.25,
            "pf": 0.12307692307692308,
            "F-measure": 0.33962264150943394,
            "accuracy": 0.6534653465346535,
            "AUC": 0.5634615384615385
        },
        {
            "train samples": "37",
            "defective train samples": "13",
            "precision": 0.5,
            "recall": 0.7096774193548387,
            "pf": 0.38596491228070173,
            "F-measure": 0.5866666666666667,
            "accuracy": 0.6477272727272727,
            "AUC": 0.6618562535370685
        }
    ]
}