{
    "method": "CBLOF",
    "dataset": "NASA",
    "subDataset": "mw1",
    "result": [
        {
            "train samples": "24",
            "defective train samples": "2",
            "precision": 0.2112676056338028,
            "recall": 0.6,
            "pf": 0.27450980392156865,
            "F-measure": 0.3125,
            "accuracy": 0.7117903930131004,
            "AUC": 0.6627450980392158
        },
        {
            "train samples": "50",
            "defective train samples": "5",
            "precision": 0.21666666666666667,
            "recall": 0.5909090909090909,
            "pf": 0.2596685082872928,
            "F-measure": 0.3170731707317074,
            "accuracy": 0.7241379310344828,
            "AUC": 0.665620291310899
        },
        {
            "train samples": "75",
            "defective train samples": "8",
            "precision": 0.21739130434782608,
            "recall": 0.2631578947368421,
            "pf": 0.11320754716981132,
            "F-measure": 0.23809523809523808,
            "accuracy": 0.8202247191011236,
            "AUC": 0.5749751737835154
        }
    ]
}