{
    "method": "CBLOF",
    "dataset": "NASA",
    "subDataset": "pc1",
    "result": [
        {
            "train samples": "70",
            "defective train samples": "6",
            "precision": 0.16666666666666666,
            "recall": 0.5272727272727272,
            "pf": 0.25,
            "F-measure": 0.25327510917030566,
            "accuracy": 0.7307086614173228,
            "AUC": 0.6386363636363637
        },
        {
            "train samples": "140",
            "defective train samples": "12",
            "precision": 0.14893617021276595,
            "recall": 0.2857142857142857,
            "pf": 0.15503875968992248,
            "F-measure": 0.1958041958041958,
            "accuracy": 0.7964601769911505,
            "AUC": 0.5653377630121815
        },
        {
            "train samples": "211",
            "defective train samples": "18",
            "precision": 0.17391304347826086,
            "recall": 0.18604651162790697,
            "pf": 0.08425720620842572,
            "F-measure": 0.17977528089887643,
            "accuracy": 0.8522267206477733,
            "AUC": 0.5508946527097406
        }
    ]
}