{
    "method": "XGBOD",
    "dataset": "CK",
    "subDataset": "synapse1",
    "result": [
        {
            "train samples": "25",
            "defective train samples": "8",
            "precision": 0.4857142857142857,
            "recall": 0.6538461538461539,
            "pf": 0.35294117647058826,
            "F-measure": 0.5573770491803278,
            "accuracy": 0.6493506493506493,
            "AUC": 0.6504524886877827
        },
        {
            "train samples": "51",
            "defective train samples": "17",
            "precision": 0.559322033898305,
            "recall": 0.4782608695652174,
            "pf": 0.19117647058823528,
            "F-measure": 0.515625,
            "accuracy": 0.697560975609756,
            "AUC": 0.643542199488491
        },
        {
            "train samples": "76",
            "defective train samples": "25",
            "precision": 0.5588235294117647,
            "recall": 0.6229508196721312,
            "pf": 0.25210084033613445,
            "F-measure": 0.5891472868217055,
            "accuracy": 0.7055555555555556,
            "AUC": 0.6854249896679984
        }
    ]
}